Book Id,Title,Author,Author l-f,Additional Authors,ISBN,ISBN13,My Rating,Average Rating,Publisher,Binding,Number of Pages,Year Published,Original Publication Year,Date Read,Date Added,Bookshelves,Bookshelves with positions,Exclusive Shelf,My Review,Spoiler,Private Notes,Read Count,Recommended For,Recommended By,Owned Copies,Original Purchase Date,Original Purchase Location,Condition,Condition Description,BCID
14891980,The 5 Elements of Effective Thinking,Edward B. Burger,"Burger, Edward B.",Michael Starbird,"=""0691156662""","=""9780691156668""",0,4.00,Princeton University Press,Hardcover,157,2012,2012,,2022/04/30,to-read,to-read (#154),to-read,,,,0,,,0,,,,,
13525945,So Good They Can't Ignore You: Why Skills Trump Passion in the Quest for Work You Love,Cal Newport,"Newport, Cal",,"=""1455509108""","=""9781455509102""",0,4.08,Business Plus,ebook,288,2012,2012,,2022/04/23,to-read,to-read (#153),to-read,,,,0,,,0,,,,,
6346975,Moonwalking with Einstein: The Art and Science of Remembering Everything,Joshua Foer,"Foer, Joshua",,"=""159420229X""","=""9781594202292""",0,3.88,"Penguin Press HC, The",Hardcover,307,2011,2011,,2022/04/16,to-read,to-read (#152),to-read,,,,0,,,0,,,,,
37880811,Make Time: How to Focus on What Matters Every Day,Jake Knapp,"Knapp, Jake",John Zeratsky,"=""0525572422""","=""9780525572428""",0,4.09,Currency,Hardcover,287,2018,2018,,2022/04/11,to-read,to-read (#151),to-read,,,,0,,,0,,,,,
52200318,"The Great Mental Models, Volume 2: Physics, Chemistry and Biology",Shane Parrish,"Parrish, Shane",Rhiannon Beaubien,"=""1999449037""","=""9781999449032""",0,4.21,Latticework Publishing Inc.,Hardcover,397,2020,2019,,2020/07/31,currently-reading,currently-reading (#7),currently-reading,,,,1,,,0,,,,,
6568149,Problem Solving 101: A Simple Book for Smart People,Ken Watanabe,"Watanabe, Ken",,"=""""","=""""",5,4.13,,Kindle Edition,,,2007,2022/03/13,2022/03/12,,,read,,,,1,,,0,,,,,
40653148,Light from Other Stars,Erika Swyler,"Swyler, Erika",,"=""1635573165""","=""9781635573169""",3,3.82,Bloomsbury Publishing,Hardcover,305,2019,2019,2022/03/11,2022/02/23,,,read,,,,1,,,0,,,,,
35398627,Other Words for Home,Jasmine Warga,"Warga, Jasmine",,"=""""","=""""",0,4.46,Balzer + Bray,Kindle Edition,352,2019,2019,,2022/03/02,to-read,to-read (#150),to-read,,,,0,,,0,,,,,
39280445,Nine Perfect Strangers,Liane Moriarty,"Moriarty, Liane",,"=""1250069823""","=""9781250069825""",4,3.53,Flatiron Books,Hardcover,453,2018,2018,2022/03/01,2022/02/23,,,read,,,,1,,,0,,,,,
55004093,The Cartographers,Peng Shepherd,"Shepherd, Peng",,"=""0062910698""","=""9780062910691""",0,3.77,William Morrow,Hardcover,400,2022,2022,,2022/02/23,to-read,to-read (#149),to-read,,,,0,,,0,,,,,
58438576,Tell Me an Ending,Jo Harkin,"Harkin, Jo",,"=""1982164328""","=""9781982164324""",0,3.67,Scribner,Hardcover,448,2022,2022,,2022/02/23,to-read,to-read (#148),to-read,,,,0,,,0,,,,,
27362503,It Ends with Us,Colleen Hoover,"Hoover, Colleen",,"=""""","=""""",3,4.43,Atria Books,Kindle Edition,385,2016,2016,2022/02/17,2022/02/12,,,read,,,,1,,,0,,,,,
51896016,Progresnya Berapa Persen?,Soraya Nasution,"Nasution, Soraya",,"=""""","=""9786230003745""",0,4.03,Elex Media Komputindo,Paperback,360,2019,2019,,2022/02/15,to-read,to-read (#147),to-read,,,,0,,,0,,,,,
55817473,Perempuan yang Menangis kepada Bulan Hitam,Dian Purnomo,"Purnomo, Dian",,"=""""","=""9786020648453""",0,4.66,Gramedia Pustaka Utama,Paperback,319,2020,2020,,2022/02/15,to-read,to-read (#146),to-read,,,,0,,,0,,,,,
55600878,Instructions for Dancing,Nicola Yoon,"Yoon, Nicola",,"=""""","=""""",0,4.04,Penguin,Kindle Edition,304,2021,2021,,2022/02/14,to-read,to-read (#145),to-read,,,,0,,,0,,,,,
57004637,The Book of Form and Emptiness,Ruth Ozeki,"Ozeki, Ruth",,"=""0399563644""","=""9780399563645""",0,4.13,Viking,Hardcover,548,2021,2021,,2022/02/11,to-read,to-read (#144),to-read,,,,0,,,0,,,,,
25734172,Seven Brief Lessons on Physics,Carlo Rovelli,"Rovelli, Carlo","Simon Carnell, Erica Segre","=""0399184414""","=""9780399184413""",0,3.97,Riverhead Books,Hardcover,81,2016,2014,,2022/02/06,to-read,to-read (#143),to-read,,,,0,,,0,,,,,
36442813,The Order of Time,Carlo Rovelli,"Rovelli, Carlo",,"=""073521610X""","=""9780735216105""",0,4.11,Riverhead Books,Hardcover,240,2018,2017,,2022/02/06,to-read,to-read (#142),to-read,,,,0,,,0,,,,,
39407010,Eight Dates: A Plan for Making Love Last Forever,John M. Gottman,"Gottman, John M.","Julie Schwartz Gottman, Rachel Carlton Abrams, Douglas Carlton Abrams","=""""","=""""",0,4.19,Workman Publishing Company,Kindle Edition,224,2018,2019,,2022/02/01,currently-reading,currently-reading (#6),currently-reading,,,,1,,,0,,,,,
42861019,Filosofi Teras,Henry Manampiring,"Manampiring, Henry",Levina Lesmana,"=""""","=""9786024125189""",0,4.48,Penerbit Buku Kompas,Paperback,344,2018,2018,,2020/03/09,currently-reading,currently-reading (#5),currently-reading,,,,1,,,0,,,,,
36959766,Hyperfocus: How to Be More Productive in a World of Distraction,Chris   Bailey,"Bailey, Chris",,"=""0735273685""","=""9780735273689""",0,3.91,Random House Canada,Hardcover,256,2018,2018,,2022/01/21,to-read,to-read (#141),to-read,,,,0,,,0,,,,,
56653946,25 Jam,Stefani Bella,"Bella, Stefani",Syahid Muhammad,"=""""","=""9786022081791""",3,4.23,Gradien Mediatama,Paperback,,2019,,,2022/01/07,,,read,,,,1,,,0,,,,,
11525157,The Forty Rules of Love,Elif Shafak,"Shafak, Elif",,"=""""","=""""",3,4.14,Penguin Books,Kindle Edition,368,2010,2009,2022/01/04,2021/12/19,,,read,,,,1,,,0,,,,,
25111093,The Geography of Genius: A Search for the World's Most Creative Places from Ancient Athens to Silicon Valley,Eric    Weiner,"Weiner, Eric",,"=""1451691653""","=""9781451691658""",0,3.78,Simon  Schuster,Hardcover,368,2016,2016,,2021/12/31,to-read,to-read (#140),to-read,,,,0,,,0,,,,,
23015962,The Improbable Theory of Ana and Zak,Brian Katcher,"Katcher, Brian",,"=""0062272799""","=""9780062272799""",0,3.69,Katherine Tegen Books,ebook,336,2015,2015,,2021/12/24,to-read,to-read (#139),to-read,,,,0,,,0,,,,,
17978134,A More Beautiful Question: The Power of Inquiry to Spark Breakthrough Ideas,Warren Berger,"Berger, Warren",,"=""""","=""""",4,3.96,Bloomsbury USA,Hardcover,272,2014,2014,2021/12/20,2021/09/12,,,read,,,,1,,,0,,,,,
54968118,"The Code Breaker: Jennifer Doudna, Gene Editing, and the Future of the Human Race",Walter Isaacson,"Isaacson, Walter",,"=""1982115858""","=""9781982115852""",0,4.32,Simon  Schuster,Hardcover,536,2021,2021,,2021/12/18,to-read,to-read (#138),to-read,,,,0,,,0,,,,,
57304990,Rapijali 3: Kembali,Dee Lestari,"Lestari, Dee",,"=""""","=""9786022918660""",5,4.48,Bentang Pustaka,Paperback,776,2021,,,2021/12/18,,,read,,,,1,,,0,,,,,
57866254,Thinking Clearly with Data: A Guide to Quantitative Reasoning and Analysis,Ethan Bueno De Mesquita,"Mesquita, Ethan Bueno De",Anthony Fowler,"=""0691214360""","=""9780691214368""",0,3.92,Princeton University Press,Hardcover,400,2021,,,2021/12/11,to-read,to-read (#137),to-read,,,,0,,,0,,,,,
54817585,Know Thyself: The Science of Self-Awareness,Stephen M. Fleming,"Fleming, Stephen M.",,"=""1541672844""","=""9781541672840""",0,3.90,Basic Books,Hardcover,304,2021,2021,,2021/12/05,to-read,to-read (#136),to-read,,,,0,,,0,,,,,
35434970,The Art of Talking to Yourself,Vironika Tugaleva,"Tugaleva, Vironika",,"=""0992046831""","=""9780992046835""",0,3.96,Soulux Press,Paperback,212,2017,,,2021/12/05,to-read,to-read (#135),to-read,,,,0,,,0,,,,,
6452796,Drive: The Surprising Truth About What Motivates Us,Daniel H. Pink,"Pink, Daniel H.",,"=""1594488843""","=""9781594488849""",0,3.95,Riverhead Books,Hardcover,242,2009,2009,,2021/12/05,to-read,to-read (#134),to-read,,,,0,,,0,,,,,
31522008,"Insight: Why We're Not as Self-Aware as We Think, and How Seeing Ourselves Clearly Helps Us Succeed at Work and in Life",Tasha Eurich,"Eurich, Tasha",,"=""0451496817""","=""9780451496812""",0,3.86,Currency,Hardcover,368,2017,2017,,2021/12/05,to-read,to-read (#133),to-read,,,,0,,,0,,,,,
40526430,"A Question of Holmes (Charlotte Holmes, #4)",Brittany Cavallaro,"Cavallaro, Brittany",,"=""""","=""""",4,3.99,Katherine Tegen Books,Kindle Edition,304,2019,2019,2021/11/23,2021/11/23,,,read,,,,1,,,0,,,,,
35444098,The Case for Jamie (Charlotte Holmes #3),Brittany Cavallaro,"Cavallaro, Brittany",,"=""""","=""""",4,4.00,Katherine Tegen Books,Kindle Edition,336,2018,2018,2021/11/19,2021/11/16,,,read,,,,1,,,0,,,,,
30805963,"The Last of August (Charlotte Holmes, #2)",Brittany Cavallaro,"Cavallaro, Brittany",,"=""""","=""""",3,3.60,Katherine Tegen Books,Kindle Edition,326,2017,2017,2021/11/15,2021/11/14,,,read,,,,1,,,0,,,,,
38908121,"A Study in Charlotte (Charlotte Holmes, #1)",Brittany Cavallaro,"Cavallaro, Brittany",,"=""""","=""""",4,3.77,Katherine Tegen Books,Kindle Edition,341,2016,2016,2021/11/14,2021/11/12,,,read,,,,1,,,0,,,,,
53642699,The Mountain Is You: Transforming Self-Sabotage Into Self-Mastery,Brianna Wiest,"Wiest, Brianna",,"=""""","=""""",0,4.25,Thought Catalog Books,Kindle Edition,,2020,2020,,2021/11/08,to-read,to-read (#132),to-read,,,,0,,,0,,,,,
55885422,Marion Lane and the Midnight Murder,T.A. Willberg,"Willberg, T.A.",,"=""""","=""""",4,3.40,Park Row,Kindle Edition,276,2020,2020,2021/11/08,2021/09/28,,,read,,,,1,,,0,,,,,
50977686,Alone Among Spies,Rhiannon Beaubien,"Beaubien, Rhiannon",,"=""199929890X""","=""9781999298906""",0,4.27,Tellwell Talent,Paperback,452,2020,,,2021/10/30,to-read,to-read (#131),to-read,,,,0,,,0,,,,,
57016829,The Great Mental Models Volume 3: Systems and Mathematics,Rhiannon Beaubien,"Beaubien, Rhiannon",Rosie Leizrowice,"=""1999449061""","=""9781999449063""",0,4.29,Latticework Publishing Inc.,Hardcover,373,2021,,,2021/10/30,to-read,to-read (#130),to-read,,,,0,,,0,,,,,
44245196,The Great Mental Models: General Thinking Concepts,Shane Parrish,"Parrish, Shane",Rhiannon Beaubien,"=""""","=""""",4,4.09,Latticework Publishing Inc.,Kindle Edition,216,2019,2018,,2020/07/31,,,read,,,,2,,,0,,,,,
59358804,The Name of the Star (Shades of London #1),Maureen Johnson,"Johnson, Maureen",,"=""""","=""""",4,3.88,Putnam Juvenile,Kindle Edition,387,2011,2011,2021/10/27,2021/10/27,,,read,,,,1,,,0,,,,,
45449555,"The Hand on the Wall (Truly Devious, #3)",Maureen Johnson,"Johnson, Maureen",,"=""""","=""""",4,4.19,Katherine Tegen Books,Kindle Edition,375,2020,2020,2021/10/23,2021/10/23,,,read,,,,1,,,0,,,,,
39991163,"The Vanishing Stair (Truly Devious, #2)",Maureen Johnson,"Johnson, Maureen",,"=""""","=""""",4,4.21,Katherine Tegen Books,Kindle Edition,376,2019,2019,2021/10/22,2021/10/22,,,read,,,,1,,,0,,,,,
38898759,"Truly Devious (Truly Devious, #1)",Maureen Johnson,"Johnson, Maureen",,"=""""","=""""",4,4.01,Katherine Tegen Books,Kindle Edition,432,2018,2018,2021/10/20,2021/10/20,,,read,,,,1,,,0,,,,,
6688629,The Visual Miscellaneum: A Colorful Guide to the World's Most Consequential Trivia,David McCandless,"McCandless, David",,"=""0061748366""","=""9780061748363""",0,4.13,Harper Design,Hardcover,256,2009,2001,,2021/10/20,to-read,to-read (#129),to-read,,,,0,,,0,,,,,
54468663,"The Box in the Woods (Truly Devious, #4)",Maureen Johnson,"Johnson, Maureen",,"=""""","=""""",4,4.16,,Kindle Edition,400,2021,2021,2021/10/17,2021/10/11,,,read,,,,1,,,0,,,,,
56732449,The Love Hypothesis,Ali Hazelwood,"Hazelwood, Ali",,"=""0593336828""","=""9780593336823""",4,4.36,Berkley Books,Paperback,352,2021,2021,2021/10/09,2021/09/28,,,read,,,,1,,,0,,,,,
55304740,Mastermind (Theo Cray and Jessica Blackwood #1),Andrew Mayne,"Mayne, Andrew",,"=""""","=""""",4,4.29,Thomas & Mercer,Kindle Edition,332,2021,2021,2021/10/05,2021/09/30,,,read,,,,1,,,0,,,,,
41737836,The Ultimate Mathematical Challenge: Over 365 puzzles to test your wits and excite your mind,The UK Mathematics Trust,"Trust, The UK Mathematics",,"=""0008316406""","=""9780008316402""",0,4.00,HarperCollins,Paperback,288,2018,,,2021/09/30,to-read,to-read (#128),to-read,,,,0,,,0,,,,,
30197201,A Quiet Kind of Thunder,Sara  Barnard,"Barnard, Sara",,"=""1509810986""","=""9781509810987""",0,3.98,Macmillan Children's Books,Paperback,307,2017,2017,,2021/09/14,to-read,to-read (#127),to-read,,,,0,,,0,,,,,
5963147,"The Art of Asking: Ask Better Questions, Get Better Answers",Terry J. Fadem,"Fadem, Terry J.",,"=""0137144245""","=""9780137144242""",0,3.61,FT Press,Paperback,205,2008,2008,,2021/09/12,to-read,to-read (#126),to-read,,,,0,,,0,,,,,
57312022,The House in the Cerulean Sea,T.J. Klune,"Klune, T.J.",,"=""""","=""""",4,4.46,Tor Books,Kindle Edition,393,2020,2020,2021/09/11,2021/09/11,,,read,,,,1,,,0,,,,,
51716442,Dear Emmie Blue,Lia Louis,"Louis, Lia",,"=""""","=""""",4,4.14,Atria/Emily Bestler Books,Kindle Edition,320,2020,2020,2021/08/30,2021/08/23,,,read,,,,1,,,0,,,,,
23013953,Gut: The Inside Story of Our Body’s Most Underrated Organ,Giulia Enders,"Enders, Giulia",Jill Enders,"=""1771641495""","=""9781771641494""",0,4.06,Greystone Books,Paperback,273,2015,2014,,2021/08/27,to-read,to-read (#125),to-read,,,,0,,,0,,,,,
39074550,Humble Pi: A Comedy of Maths Errors,Matt    Parker,"Parker, Matt",,"=""0241360196""","=""9780241360194""",0,4.12,Allen Lane,Paperback,314,2019,2019,,2021/08/27,to-read,to-read (#124),to-read,,,,0,,,0,,,,,
27209485,"Emotional Agility: Get Unstuck, Embrace Change, and Thrive in Work and Life",Susan  David,"David, Susan",,"=""1592409490""","=""9781592409495""",0,3.98,Avery Publishing Group,Hardcover,288,2016,2016,,2021/08/27,to-read,to-read (#123),to-read,,,,0,,,0,,,,,
55789067,The Authenticity Project,Clare Pooley,"Pooley, Clare",,"=""1984878638""","=""9781984878632""",0,3.95,Penguin Books,Paperback,384,2020,2020,,2021/08/23,to-read,to-read (#122),to-read,,,,0,,,0,,,,,
18158562,"Crazy Rich Asians (Crazy Rich Asians, #1)",Kevin Kwan,"Kwan, Kevin",,"=""""","=""""",4,3.88,Doubleday,Kindle Edition,546,2013,2013,2021/08/22,2021/08/22,,,read,,,,1,,,0,,,,,
43341641,The Unhoneymooners,Christina Lauren,"Lauren, Christina",,"=""""","=""""",4,4.00,Gallery Books,Kindle Edition,429,2019,2019,2021/08/17,2021/08/17,,,read,,,,1,,,0,,,,,
55937653,Such a Quiet Place,Megan Miranda,"Miranda, Megan",,"=""""","=""""",3,3.47,Simon & Schuster,Kindle Edition,352,2021,2021,2021/08/16,2021/08/16,,,read,,,,1,,,0,,,,,
53215174,The Power of Knitting,Loretta Napoleoni,"Napoleoni, Loretta",,"=""0593087194""","=""9780593087190""",3,3.47,TarcherPerigee,Hardcover,224,2020,2020,2021/08/14,2020/09/04,,,read,,,,1,,,0,,,,,
56081817,The Soulmate Equation,Christina Lauren,"Lauren, Christina",,"=""""","=""""",4,4.05,Piatkus,Kindle Edition,282,2021,2021,2021/08/08,2021/02/27,,,read,,,,1,,,0,,,,,
57223899,Rapijali 2: Menjadi,Dee Lestari,"Lestari, Dee",,"=""""","=""""",4,4.33,Storial,ebook,,2021,,,2021/07/29,,,read,,,,1,,,0,,,,,
35688002,Force of Nature (Aaron Falk #2),Jane Harper,"Harper, Jane",,"=""""","=""""",4,3.84,Flatiron Books,Kindle Edition,329,2018,2017,2021/07/12,2021/06/23,,,read,,,,1,,,0,,,,,
27824826,"The Dry (Aaron Falk, #1)",Jane Harper,"Harper, Jane",,"=""""","=""""",4,4.04,Macmillan Australia,Kindle Edition,336,2016,2016,2021/07/04,2021/06/23,,,read,,,,1,,,0,,,,,
52257262,Goldilocks,Laura Lam,"Lam, Laura",,"=""1472267648""","=""9781472267641""",0,3.77,Headline Publishing Group,Hardcover,352,2020,2020,,2021/06/22,to-read,to-read (#121),to-read,,,,0,,,0,,,,,
28389305,The Other Einstein,Marie Benedict,"Benedict, Marie",,"=""1492637254""","=""9781492637257""",0,3.81,Sourcebooks Landmark,Hardcover,304,2016,2016,,2021/05/27,to-read,to-read (#120),to-read,,,,0,,,0,,,,,
54906250,Project Hail Mary,Andy Weir,"Weir, Andy",,"=""""","=""""",5,4.53,Ballantine Books,Kindle Edition,481,2021,2021,2021/05/10,2020/09/13,,,read,,,,1,,,0,,,,,
25728418,Ada Lovelace: The Poet of Science,Diane Stanley,"Stanley, Diane",Jessie Hartland,"=""1481452495""","=""9781481452496""",0,4.03,Simon & Schuster/Paula Wiseman Books,Hardcover,40,2016,2016,,2021/05/13,to-read,to-read (#119),to-read,,,,0,,,0,,,,,
26842528,"The Science of Everyday Life: Why Teapots Dribble, Toast Burns and Light Bulbs Shine",Marty Jopson,"Jopson, Marty",,"=""1782434186""","=""""",0,3.78,Michael O'Mara,Hardcover,224,2016,2015,,2021/05/13,to-read,to-read (#118),to-read,,,,0,,,0,,,,,
31817279,Storm in a Teacup: The Physics of Everyday Life,Helen Czerski,"Czerski, Helen",,"=""178416075X""","=""9781784160753""",0,4.03,Black Swan,Paperback,400,2017,2017,,2021/05/13,to-read,to-read (#117),to-read,,,,0,,,0,,,,,
36341728,Lost in Math: How Beauty Leads Physics Astray,Sabine Hossenfelder,"Hossenfelder, Sabine",,"=""0465094252""","=""9780465094257""",0,4.06,Hachette,Hardcover,291,2018,2018,,2021/05/13,to-read,to-read (#116),to-read,,,,0,,,0,,,,,
35957157,Thinking in Bets: Making Smarter Decisions When You Don't Have All the Facts,Annie Duke,"Duke, Annie",,"=""0735216355""","=""9780735216358""",0,3.83,Portfolio Penguin,Hardcover,288,2018,2018,,2021/05/11,to-read,to-read (#115),to-read,,,,0,,,0,,,,,
31290886,"Black Fall (Jessica Blackwood, #3)",Andrew Mayne,"Mayne, Andrew",,"=""""","=""""",3,4.20,Harper Paperbacks,Kindle Edition,368,2017,2017,2021/04/30,2021/04/30,,,read,,,,1,,,0,,,,,
54895700,Effortless: Make It Easier to Do What Matters Most,Greg McKeown,"McKeown, Greg",Uğur Gülsün,"=""0593135644""","=""9780593135648""",0,4.01,Currency,Hardcover,272,2021,2021,,2021/04/29,to-read,to-read (#114),to-read,,,,0,,,0,,,,,
24821488,Name of the Devil (Jessica Blackwood #2),Andrew Mayne,"Mayne, Andrew",,"=""""","=""""",4,4.19,Bourbon Street Books,Kindle Edition,320,2015,2015,2021/04/26,2021/04/23,,,read,,,,1,,,0,,,,,
22320155,"Angel Killer (Jessica Blackwood, #1)",Andrew Mayne,"Mayne, Andrew",,"=""""","=""""",4,4.11,Bourbon Street Books,Kindle Edition,368,2014,2014,2021/04/22,2021/04/22,,,read,,,,1,,,0,,,,,
55106991,When the Stars Go Dark,Paula McLain,"McLain, Paula",,"=""""","=""""",5,3.88,Ballantine Books,Kindle Edition,384,2021,2021,2021/04/19,2021/04/19,,,read,,,,1,,,0,,,,,
53605067,The Data Detective: Ten Easy Rules to Make Sense of Statistics,Tim Harford,"Harford, Tim",,"=""""","=""""",4,4.15,Riverhead Books,Kindle Edition,334,2021,2020,2021/04/17,2021/04/17,,,read,,,,1,,,0,,,,,
34912895,The Great Alone,Kristin Hannah,"Hannah, Kristin",,"=""""","=""""",0,4.37,St. Martin's Press,Kindle Edition,435,2018,2018,,2021/03/14,to-read,to-read (#113),to-read,,,,0,,,0,,,,,
28114551,Florence Nightingale: The Courageous Life of the Legendary Nurse,Catherine Reef,"Reef, Catherine",,"=""0544535804""","=""9780544535800""",0,3.85,Clarion Books,Hardcover,192,2016,2016,,2021/03/14,to-read,to-read (#112),to-read,,,,0,,,0,,,,,
56893025,Rapijali 1: Mencari,Dee Lestari,"Lestari, Dee",,"=""""","=""""",4,4.06,Storial,ebook,368,2021,2021,,2021/02/28,,,read,,,,1,,,0,,,,,
44442025,The Joy of Missing Out: Live More by Doing Less,Tonya Dalton,"Dalton, Tonya",,"=""1400214335""","=""9781400214334""",0,3.87,Thomas Nelson,Hardcover,240,2019,2019,,2021/02/27,to-read,to-read (#111),to-read,,,,0,,,0,,,,,
48526390,"The Girl Beneath the Sea (Underwater Investigation Unit, #1)",Andrew Mayne,"Mayne, Andrew",,"=""""","=""""",4,4.05,Thomas & Mercer,Kindle Edition,328,2020,2020,2021/02/14,2021/02/14,,,read,,,,1,,,0,,,,,
42099289,The Moment of Lift: How Empowering Women Changes the World,Melinda French Gates,"Gates, Melinda French",,"=""""","=""""",3,4.29,Flatiron Books,Kindle Edition,288,2019,2019,2021/02/13,2019/11/22,,,read,,,,1,,,0,,,,,
55238787,People Skills for Analytical Thinkers,Gilbert Eijkelenboom,"Eijkelenboom, Gilbert",,"=""""","=""""",0,4.21,,ebook,123,2020,,,2021/02/08,to-read,to-read (#110),to-read,,,,0,,,0,,,,,
51158503,"Black Coral (Underwater Investigation Unit, #2)",Andrew Mayne,"Mayne, Andrew",,"=""""","=""""",0,4.42,Thomas & Mercer,Kindle Edition,317,2021,2021,,2021/02/07,to-read,to-read (#109),to-read,,,,0,,,0,,,,,
52609381,The Power of Writing It Down: A Simple Habit to Unlock Your Brain and Reimagine Your Life,Allison Fallon,"Fallon, Allison",,"=""0310359341""","=""9780310359340""",0,3.91,Zondervan,Hardcover,224,2021,2021,,2021/02/07,to-read,to-read (#108),to-read,,,,0,,,0,,,,,
53330118,"Chatter: The Voice in Our Head, Why It Matters, and How to Harness It",Ethan Kross,"Kross, Ethan",,"=""0525575235""","=""9780525575238""",0,4.00,Crown Publishing Group,Hardcover,272,2021,2021,,2021/02/07,to-read,to-read (#107),to-read,,,,0,,,0,,,,,
48904521,Social Chemistry: Decoding the Elements of Human Connection,Marissa King,"King, Marissa",,"=""1524743801""","=""9781524743802""",0,3.70,Dutton,Hardcover,368,2021,2021,,2021/02/07,to-read,to-read (#106),to-read,,,,0,,,0,,,,,
53568397,The Midnight Library,Matt Haig,"Haig, Matt",,"=""""","=""""",4,4.06,Viking ,Kindle Edition,289,2020,2020,2021/02/03,2020/08/25,,,read,,,,1,,,0,,,,,
17288649,Creative Confidence: Unleashing the Creative Potential Within Us All,Tom Kelley,"Kelley, Tom",David Kelley,"=""038534936X""","=""9780385349369""",3,3.99,Crown Business,Hardcover,288,2013,2013,2021/01/30,2020/02/01,,,read,,,,1,,,0,,,,,
18693884,How Not to Be Wrong: The Power of Mathematical Thinking,Jordan Ellenberg,"Ellenberg, Jordan",,"=""1594205221""","=""9781594205224""",4,3.96,Penguin Press,Hardcover,480,2014,2014,2021/01/27,2018/04/24,,,read,,,,1,,,0,,,,,
56430139,"Shape: The Hidden Geometry of Information, Biology, Strategy, Democracy, and Everything Else",Jordan Ellenberg,"Ellenberg, Jordan",,"=""""","=""""",0,3.77,Penguin Press,Kindle Edition,480,2021,,,2021/01/27,to-read,to-read (#105),to-read,,,,0,,,0,,,,,
43885052,Change is the Only Constant: The Wisdom of Calculus in a Madcap World,Ben Orlin,"Orlin, Ben",,"=""0316509086""","=""9780316509084""",0,4.32,Black Dog  Leventhal,Hardcover,320,2019,2019,,2021/01/04,to-read,to-read (#104),to-read,,,,0,,,0,,,,,
38967373,"The Disappearing Spoon: And Other True Tales of Rivalry, Adventure, and the History of the World from the Periodic Table of the Elements (Young Readers Edition)",Sam Kean,"Kean, Sam",,"=""""","=""""",3,3.89,"Little, Brown Books for Young Readers",Kindle Edition,240,2018,2018,2021/01/03,2020/11/27,,,read,,,,1,,,0,,,,,
71730,Nonviolent Communication: A Language of Life,Marshall B. Rosenberg,"Rosenberg, Marshall B.",Arun Gandhi,"=""1892005034""","=""9781892005038""",0,4.34,Puddledancer Press,Paperback,220,2003,1999,,2021/01/01,to-read,to-read (#103),to-read,,,,0,,,0,,,,,
55794068,Bising,Kurniawan Gunadi,"Gunadi, Kurniawan",,"=""""","=""9786022917601""",4,4.02,Bentang Pustaka,Paperback,164,2020,,,2020/12/06,,,read,,,,1,,,0,,,,,
22504703,The Boy Who Harnessed the Wind,William Kamkwamba,"Kamkwamba, William","Bryan Mealer, Anna Hymas","=""0803740808""","=""9780803740808""",5,4.31,Dial Books,Hardcover,304,2015,2015,,2020/11/25,,,read,,,,1,,,0,,,,,
24839183,The Boy Who Harnessed the Wind,William Kamkwamba,"Kamkwamba, William","Bryan Mealer, Anna Hymas","=""""","=""""",0,4.31,Dial Books,Kindle Edition,306,2015,2015,2020/11/25,2020/11/25,,,read,,,,1,,,0,,,,,
55741197,Selamat Tinggal,Tere Liye,"Liye, Tere",,"=""""","=""9786020647821""",4,4.33,Gramedia Pustaka Utama,Paperback,360,2020,,,2020/11/14,,,read,,,,1,,,0,,,,,
21463939,What If?: Serious Scientific Answers to Absurd Hypothetical Questions,Randall Munroe,"Munroe, Randall",,"=""""","=""""",3,4.14,Houghton Mifflin Harcourt,Kindle Edition,321,2014,2014,2020/11/04,2020/11/04,,,read,,,,1,,,0,,,,,
51807232,"Troubled Blood (Cormoran Strike, #5)",Robert Galbraith,"Galbraith, Robert",,"=""0751579939""","=""9780751579932""",4,4.35,Sphere,Hardcover,944,2020,2020,2020/11/01,2020/08/25,,,read,,,,1,,,0,,,,,
26530386,"The Vital Question: Energy, Evolution, and the Origins of Complex Life",Nick Lane,"Lane, Nick",,"=""0393352978""","=""9780393352979""",0,4.17,W. W. Norton  Company,Paperback,368,2016,2015,,2020/10/07,to-read,to-read (#102),to-read,,,,0,,,0,,,,,
35721140,Liquid Rules: The Delightful and Dangerous Substances That Flow Through Our Lives,Mark Miodownik,"Miodownik, Mark",,"=""054485019X""","=""9780544850194""",0,4.12,Mariner Books,Hardcover,256,2019,2018,,2020/09/22,to-read,to-read (#101),to-read,,,,0,,,0,,,,,
18222843,Stuff Matters: Exploring the Marvelous Materials That Shape Our Man-Made World,Mark Miodownik,"Miodownik, Mark",,"=""0544236041""","=""9780544236042""",0,4.10,Houghton Mifflin Harcourt,Hardcover,272,2014,2013,,2020/09/22,to-read,to-read (#100),to-read,,,,0,,,0,,,,,
26082916,"Ready Player Two (Ready Player One, #2)",Ernest Cline,"Cline, Ernest",,"=""1524761338""","=""9781524761332""",0,3.43,Ballantine Books,Hardcover,370,2020,2020,,2020/09/13,to-read,to-read (#99),to-read,,,,0,,,0,,,,,
11786911,Are You Smart Enough to Work at Google?,William Poundstone,"Poundstone, William",,"=""031609997X""","=""9780316099974""",0,3.53,"Little, Brown and Company",Hardcover,290,2012,2012,,2020/09/13,to-read,to-read (#98),to-read,,,,0,,,0,,,,,
44595007,Indistractable: How to Control Your Attention and Choose Your Life,Nir   Eyal,"Eyal, Nir",Julie Li,"=""194883653X""","=""9781948836531""",0,3.75,Benbella Books,Hardcover,300,2019,2019,,2020/09/11,to-read,to-read (#97),to-read,,,,0,,,0,,,,,
55059013,"5 cm : Aku , Kamu , Samudera dan Bintang - bintang",Donny Dhirgantoro,"Dhirgantoro, Donny",,"=""""","=""9786020524665""",4,3.70,Grasindo,Paperback,516,2020,,2020/08/16,2020/08/25,,,read,,,,1,,,0,,,,,
7015403,The Gifts of Imperfection,Brené Brown,"Brown, Brené",,"=""159285849X""","=""9781592858491""",0,4.23,Hazelden Publishing,Paperback,137,2010,2010,,2020/08/15,to-read,to-read (#96),to-read,,,,0,,,0,,,,,
43875794,"Dark Pattern (The Naturalist, #4)",Andrew Mayne,"Mayne, Andrew",,"=""""","=""""",5,4.16,Thomas & Mercer,Kindle Edition,316,2019,2019,2020/07/31,2020/07/31,,,read,,,,1,,,0,,,,,
38314066,"Murder Theory (The Naturalist, #3)",Andrew Mayne,"Mayne, Andrew",,"=""""","=""""",4,4.22,Thomas & Mercer,Kindle Edition,314,2019,2019,2020/07/24,2020/07/24,,,read,,,,1,,,0,,,,,
6779,"Six Not-So-Easy Pieces: Einstein's Relativity, Symmetry, and Space-Time",Richard P. Feynman,"Feynman, Richard P.",Roger Penrose,"=""0465023932""","=""9780465023936""",0,4.25,Basic Books,Paperback,184,2005,1963,,2020/07/21,to-read,to-read (#95),to-read,,,,0,,,0,,,,,
35167685,"""Surely You're Joking, Mr. Feynman!"": Adventures of a Curious Character",Richard P. Feynman,"Feynman, Richard P.",,"=""0393355624""","=""9780393355628""",0,4.26,W. W. Norton  Company,Paperback,400,2018,1985,,2020/07/21,to-read,to-read (#94),to-read,,,,0,,,0,,,,,
5553,Six Easy Pieces: Essentials of Physics By Its Most Brilliant Teacher,Richard P. Feynman,"Feynman, Richard P.",,"=""0465023924""","=""9780465023929""",0,4.21,Basic Books,Paperback,138,1995,1994,,2020/07/21,to-read,to-read (#93),to-read,,,,0,,,0,,,,,
89731,Kira-Kira,Cynthia Kadohata,"Kadohata, Cynthia",,"=""0689856407""","=""9780689856402""",0,3.94,Atheneum Books for Young Readers,Paperback,291,2006,2004,,2020/07/09,to-read,to-read (#92),to-read,,,,0,,,0,,,,,
35157278,"Looking Glass  (The Naturalist, #2)",Andrew Mayne,"Mayne, Andrew",,"=""""","=""""",4,4.28,Thomas & Mercer,Kindle Edition,312,2018,2018,2020/07/06,2020/07/06,,,read,,,,1,,,0,,,,,
530415,The Art of Doing Science and Engineering: Learning to Learn,Richard Hamming,"Hamming, Richard",,"=""9056995014""","=""9789056995010""",0,4.20,CRC Press,Paperback,376,1997,1996,,2020/07/06,to-read,to-read (#91),to-read,,,,0,,,0,,,,,
925232,What Smart Students Know: Maximum Grades. Optimum Learning. Minimum Time.,Adam Robinson,"Robinson, Adam",,"=""0517880857""","=""9780517880852""",0,3.78,Three Rivers Press,Paperback,288,1993,1993,,2020/06/28,to-read,to-read (#90),to-read,,,,0,,,0,,,,,
6017518,The Calculus of Friendship: What a Teacher and a Student Learned about Life While Corresponding about Math,Steven H. Strogatz,"Strogatz, Steven H.",,"=""0691134936""","=""9780691134932""",0,3.81,Princeton University Press,Hardcover,184,2009,2009,,2020/06/28,to-read,to-read (#89),to-read,,,,0,,,0,,,,,
184327,"The Demon Under the Microscope: From Battlefield Hospitals to Nazi Labs, One Doctor's Heroic Search for the World's First Miracle Drug",Thomas Hager,"Hager, Thomas",,"=""1400082137""","=""9781400082131""",0,4.07,Harmony,Hardcover,340,2006,2006,,2020/06/28,to-read,to-read (#88),to-read,,,,0,,,0,,,,,
30091655,Chernobyl 01: 23:40: The incredible true story of the world's worst nuclear disaster,Andrew Leatherbarrow,"Leatherbarrow, Andrew",Petrey Elizabeth,"=""099359753X""","=""9780993597534""",0,3.82,Andrew Leatherbarrow,Hardcover,256,2016,2016,,2020/06/28,to-read,to-read (#87),to-read,,,,0,,,0,,,,,
13237706,"Learning From the Octopus: How Secrets from Nature Can Help Us Fight Terrorist Attacks, Natural Disasters, and Disease",Rafe Sagarin,"Sagarin, Rafe",,"=""0465021832""","=""9780465021833""",0,3.74,Basic Books,Hardcover,320,2012,2012,,2020/06/28,to-read,to-read (#86),to-read,,,,0,,,0,,,,,
44770129,"Ultralearning: Master Hard Skills, Outsmart the Competition, and Accelerate Your Career",Scott H. Young,"Young, Scott H.",,"=""""","=""""",0,3.95,HarperBusiness,Kindle Edition,304,2019,2019,,2020/06/28,to-read,to-read (#85),to-read,,,,0,,,0,,,,,
23719305,How Emotions Are Made: The Secret Life of the Brain,Lisa Feldman Barrett,"Barrett, Lisa Feldman",,"=""0544133315""","=""9780544133310""",0,4.11,Mariner Books,Hardcover,448,2017,2016,,2020/06/28,to-read,to-read (#84),to-read,,,,0,,,0,,,,,
34330645,"The Naturalist (The Naturalist, #1)",Andrew Mayne,"Mayne, Andrew",,"=""""","=""""",5,4.05,Thomas & Mercer,Kindle Edition,382,2017,2017,2020/06/21,2020/06/21,,,read,,,,1,,,0,,,,,
1713426,Predictably Irrational: The Hidden Forces That Shape Our Decisions,Dan Ariely,"Ariely, Dan",,"=""""","=""""",0,4.12,HarperCollins Canada ,Hardcover,247,2008,2008,,2020/06/14,to-read,to-read (#83),to-read,,,,0,,,0,,,,,
46127920,Hide Away (Rachel Marin Thriller #1),Jason Pinter,"Pinter, Jason",,"=""""","=""""",3,4.26,Thomas & Mercer,Kindle Edition,365,2020,2020,2020/06/14,2020/06/14,,,read,,,,1,,,0,,,,,
9827912,Incognito: The Secret Lives of the Brain,David Eagleman,"Eagleman, David",,"=""0307377334""","=""9780307377333""",0,4.07,Pantheon,Hardcover,290,2011,2011,,2020/06/11,to-read,to-read (#82),to-read,,,,0,,,0,,,,,
34466963,Why We Sleep: Unlocking the Power of Sleep and Dreams,Matthew Walker,"Walker, Matthew",,"=""""","=""""",0,4.38,Scribner,Hardcover,368,2017,2017,,2020/06/09,to-read,to-read (#81),to-read,,,,0,,,0,,,,,
5470,1984,George Orwell,"Orwell, George","Marcelo Pen, Amazing Améziane, Regina Silveira, Erich Fromm, Irving Howe, Golo Mann, Raymond Williams, Thomas Pynchon, Homi K. Bhabha, Martha C. Nussbaum, Bernard Crick, George Packer","=""""","=""""",0,4.19,New American Library,Mass Market Paperback,328,1950,1949,,2020/06/09,to-read,to-read (#80),to-read,,,,0,,,0,,,,,
40109367,Dare to Lead,Brené Brown,"Brown, Brené",,"=""147356252X""","=""9781473562523""",0,4.17,Ebury Digital,ebook,332,2018,2018,,2020/06/09,to-read,to-read (#79),to-read,,,,0,,,0,,,,,
20980987,"The Art of Asking; or, How I Learned to Stop Worrying and Let People Help",Amanda Palmer,"Palmer, Amanda",,"=""1455581089""","=""9781455581085""",0,3.92,Grand Central Publishing,Hardcover,339,2014,2014,,2020/06/07,to-read,to-read (#78),to-read,,,,0,,,0,,,,,
41150498,The Scent Keeper,Erica Bauermeister,"Bauermeister, Erica",,"=""125020013X""","=""9781250200136""",0,3.94,St. Martin's Press,Hardcover,311,2019,2019,,2020/06/04,to-read,to-read (#77),to-read,,,,0,,,0,,,,,
39072210,A Spark of Light,Jodi Picoult,"Picoult, Jodi",,"=""""","=""""",0,3.72,Ballantine Books ,Kindle Edition,381,2018,2018,,2020/06/03,to-read,to-read (#76),to-read,,,,0,,,0,,,,,
50265329,The Book of Two Ways,Jodi Picoult,"Picoult, Jodi",,"=""198481835X""","=""9781984818355""",0,3.65,Ballantine ,Hardcover,416,2020,2020,,2020/06/03,to-read,to-read (#75),to-read,,,,0,,,0,,,,,
16130537,The Humans,Matt Haig,"Haig, Matt",,"=""1476727910""","=""9781476727912""",0,4.09,Simon  Schuster,Hardcover,285,2013,2013,,2020/05/06,to-read,to-read (#74),to-read,,,,0,,,0,,,,,
6419887,The Boy Who Harnessed the Wind: Creating Currents of Electricity and Hope,William Kamkwamba,"Kamkwamba, William",Bryan Mealer,"=""0061730327""","=""9780061730320""",0,4.05,William Morrow,Hardcover,270,2009,2009,,2020/05/06,to-read,to-read (#73),to-read,,,,0,,,0,,,,,
52454426,Devolution: A Firsthand Account of the Rainier Sasquatch Massacre,Max Brooks,"Brooks, Max",,"=""1984826786""","=""9781984826787""",0,3.92,Del Rey Books,Hardcover,286,2020,2020,,2020/05/05,to-read,to-read (#72),to-read,,,,0,,,0,,,,,
6240926,Destiny Disrupted: A History of the World Through Islamic Eyes,Tamim Ansary,"Ansary, Tamim",,"=""1433272261""","=""9781433272264""",0,4.39,Blackstone Audio,Audio CD,,2009,2009,,2020/05/02,to-read,to-read (#71),to-read,,,,0,,,0,,,,,
35297176,Heart Talk: Poetic Wisdom for a Better Life,Cleo Wade,"Wade, Cleo",,"=""1501177346""","=""9781501177347""",0,4.26,Atria Books,Paperback,224,2018,2018,,2020/04/30,to-read,to-read (#70),to-read,,,,0,,,0,,,,,
38532183,"How to Be Alone: If You Want To, and Even If You Don't",Lane Moore,"Moore, Lane",,"=""1501178830""","=""9781501178832""",0,3.74,Atria Books,Paperback,224,2018,2018,,2020/04/30,to-read,to-read (#69),to-read,,,,0,,,0,,,,,
22580996,"The Lost Art of Reading Nature’s Signs: Use Outdoor Clues to Find Your Way, Predict the Weather, Locate Water, Track Animals—and Other Forgotten Skills",Tristan Gooley,"Gooley, Tristan",Neil Gower,"=""1615192417""","=""9781615192410""",0,3.76,The Experiment,Paperback,416,2015,2014,,2020/04/30,to-read,to-read (#68),to-read,,,,0,,,0,,,,,
18635113,Elizabeth Is Missing,Emma Healey,"Healey, Emma",,"=""0062309668""","=""9780062309662""",0,3.72,Harper,Hardcover,320,2014,2014,,2020/04/24,to-read,to-read (#67),to-read,,,,0,,,0,,,,,
17934655,The Empathy Exams,Leslie Jamison,"Jamison, Leslie",,"=""1555976719""","=""9781555976712""",0,3.66,Graywolf Press,Paperback,230,2014,2014,,2020/04/24,to-read,to-read (#66),to-read,,,,0,,,0,,,,,
18490560,Nobody Is Ever Missing,Catherine Lacey,"Lacey, Catherine",,"=""0374534497""","=""9780374534493""",0,3.27,FSG Originals,Paperback,244,2014,2014,,2020/04/24,to-read,to-read (#65),to-read,,,,0,,,0,,,,,
38926327,The Anatomy of Dreams,Chloe  Benjamin,"Benjamin, Chloe",,"=""1982105038""","=""9781982105037""",0,3.39,Atria Books,Paperback,320,2018,2014,,2020/04/24,to-read,to-read (#64),to-read,,,,0,,,0,,,,,
51933429,The Guest List,Lucy Foley,"Foley, Lucy",,"=""""","=""""",0,3.86,William Morrow,Hardcover,330,2020,2020,,2020/04/22,to-read,to-read (#63),to-read,,,,0,,,0,,,,,
45932891,"One of Us Is Next (One of Us Is Lying, #2)",Karen M. McManus,"McManus, Karen M.",,"=""""","=""""",5,3.99,Delacorte Press,Kindle Edition,374,2020,2020,2020/03/30,2020/03/28,,,read,,,,1,,,0,,,,,
19288043,Gone Girl,Gillian Flynn,"Flynn, Gillian",,"=""""","=""""",0,4.10,Broadway Books,Paperback,415,2014,2012,,2020/03/30,to-read,to-read (#62),to-read,,,,0,,,0,,,,,
35504431,Turtles All the Way Down,John Green,"Green, John",,"=""0525555366""","=""9780525555360""",0,3.92,Dutton Books for Young Readers,Hardcover,290,2017,2017,,2020/03/25,to-read,to-read (#61),to-read,,,,0,,,0,,,,,
32571395,"One of Us Is Lying (One of Us is Lying, #1)",Karen M. McManus,"McManus, Karen M.",,"=""""","=""""",4,4.02,Delacorte Press,Kindle Edition,360,2017,2017,2020/03/25,2020/03/25,,,read,,,,1,,,0,,,,,
40396699,The Silent Patient,Alex Michaelides,"Michaelides, Alex",,"=""""","=""""",5,4.15,Celadon Books,Kindle Edition,325,2019,2019,2020/03/23,2020/03/23,,,read,,,,1,,,0,,,,,
40859582,Lethal White (Cormoran Strike #4),Robert Galbraith,"Galbraith, Robert",,"=""""","=""""",5,4.22,Mulholland Books,Kindle Edition,656,2018,2018,2020/03/21,2020/03/21,,,read,,,,1,,,0,,,,,
35096850,Career of Evil,Robert Galbraith,"Galbraith, Robert",,"=""""","=""""",5,4.20,Mulholland Books,Kindle Edition,512,2015,2015,2020/03/15,2020/03/15,,,read,,,,1,,,0,,,,,
50547900,Guru Aini,Andrea Hirata,"Hirata, Andrea",,"=""""","=""9786022916864""",4,4.49,Bentang Pustaka,Paperback,312,2020,2020,2020/03/07,2020/03/06,,,read,,,,1,,,0,,,,,
36393774,Laut Bercerita,Leila S. Chudori,"Chudori, Leila S.",,"=""6024246943""","=""9786024246945""",4,4.63,Kepustakaan Populer Gramedia,Paperback,389,2017,2017,2020/01/03,2020/01/04,,,read,,,,1,,,0,,,,,
43264830,The School of Life: An Emotional Education,Alain de Botton,"Botton, Alain de",,"=""0241382327""","=""9780241382325""",0,4.30,Hamish Hamilton,Paperback,310,2019,2019,,2020/03/09,to-read,to-read (#60),to-read,,,,0,,,0,,,,,
51200095,That Can Be Arranged: A Muslim Love Story,Huda Fahmy,"Fahmy, Huda",,"=""1524856223""","=""9781524856229""",0,4.22,Andrews McMeel Publishing,Paperback,192,2020,2020,,2019/12/26,to-read,to-read (#50),to-read,,,,0,,,0,,,,,
84699,"Never Eat Alone: And Other Secrets to Success, One Relationship at a Time",Keith Ferrazzi,"Ferrazzi, Keith",,"=""0385512058""","=""9780385512053""",0,3.84,Crown Business,Hardcover,309,2005,2005,,2020/02/09,to-read,to-read (#59),to-read,,,,0,,,0,,,,,
2420301,The Back of the Napkin: Solving Problems and Selling Ideas with Pictures,Dan Roam,"Roam, Dan",,"=""1591841992""","=""9781591841999""",0,3.95,Portfolio,Hardcover,278,2008,2008,,2020/02/07,to-read,to-read (#58),to-read,,,,0,,,0,,,,,
40180021,Naked Economics: Undressing the Dismal Science,Charles Wheelan,"Wheelan, Charles",,"=""0393356493""","=""9780393356496""",0,4.02,W. W. Norton  Company,Paperback,400,2019,2002,,2020/02/02,to-read,to-read (#57),to-read,,,,0,,,0,,,,,
50883325,"Modern Love, Revised and Updated: True Stories of Love, Loss, and Redemption",Daniel    Jones,"Jones, Daniel","Andrew Rannells, Ayelet Waldman, Amy Krouse Rosenthal, Veronica Chambers","=""""","=""""",3,4.22,Broadway Books,Kindle Edition,290,2019,2019,2019/12/28,2019/11/14,,,read,,,,1,,,0,,,,,
245344,Structures: Or Why Things Don't Fall Down,J.E. Gordon,"Gordon, J.E.",,"=""0306812835""","=""9780306812835""",0,4.14,Da Capo Press,Paperback,395,2003,1978,,2020/02/01,to-read,to-read (#56),to-read,,,,0,,,0,,,,,
25666050,Algorithms to Live By: The Computer Science of Human Decisions,Brian Christian,"Christian, Brian",Tom  Griffiths,"=""1627790365""","=""9781627790369""",0,4.14,Henry Holt and Co.,Hardcover,368,2016,2016,,2020/02/01,to-read,to-read (#55),to-read,,,,0,,,0,,,,,
40922689,Normal People,Sally Rooney,"Rooney, Sally",,"=""""","=""""",3,3.85,Hogarth,Kindle Edition,268,2019,2018,2020/01/31,2020/01/16,,,read,,,,1,,,0,,,,,
35381379,How to Stop Time,Matt Haig,"Haig, Matt",,"=""""","=""""",4,3.85,Viking,Kindle Edition,331,2018,2017,2020/01/26,2020/01/26,,,read,,,,1,,,0,,,,,
18373,Flowers for Algernon,Daniel Keyes,"Keyes, Daniel",,"=""""","=""""",0,4.17,Harvest Books,Paperback,311,2005,1959,,2020/01/25,to-read,to-read (#54),to-read,,,,0,,,0,,,,,
17931417,"The Rosie Project (Don Tillman, #1)",Graeme Simsion,"Simsion, Graeme",,"=""""","=""""",3,4.02,Text Publishing,Kindle Edition,320,2013,2013,2020/01/17,2020/01/17,,,read,,,,1,,,0,,,,,
41940388,The Test,Sylvain Neuvel,"Neuvel, Sylvain",,"=""1250312833""","=""9781250312839""",3,3.85,St Martin's Press,Paperback,108,2019,2019,2020/01/22,2019/11/22,,,read,,,,1,,,0,,,,,
37570605,Company of One: Why Staying Small Is the Next Big Thing for Business,Paul Jarvis,"Jarvis, Paul",,"=""1328972356""","=""9781328972354""",0,3.88,Mariner Books,Hardcover,272,2019,2019,,2020/01/16,to-read,to-read (#53),to-read,,,,0,,,0,,,,,
41795733,Range: Why Generalists Triumph in a Specialized World,David   Epstein,"Epstein, David",,"=""0735214484""","=""9780735214484""",0,4.15,Riverhead Books,Hardcover,352,2019,2019,,2020/01/16,to-read,to-read (#52),to-read,,,,0,,,0,,,,,
3450744,"Nudge: Improving Decisions About Health, Wealth, and Happiness",Richard H. Thaler,"Thaler, Richard H.",Cass R. Sunstein,"=""014311526X""","=""9780143115267""",0,3.83,Penguin Books,Paperback,260,2009,2008,,2020/01/16,to-read,to-read (#51),to-read,,,,0,,,0,,,,,
23211076,"A Darker Shade of Magic (Shades of Magic, #1)",V.E. Schwab,"Schwab, V.E.",,"=""""","=""""",4,4.07,Tor Books,Kindle Edition,401,2015,2015,2020/01/09,2020/01/09,,,read,,,,1,,,0,,,,,
40644351,Things We Know by Heart,Jessi Kirby,"Kirby, Jessi",,"=""""","=""""",4,3.99, HarperTeen,Kindle Edition,309,2015,2015,,2020/01/02,,,read,,,,1,,,0,,,,,
35820001,The Other Side of Lost,Jessi Kirby,"Kirby, Jessi",,"=""0062424262""","=""9780062424266""",4,4.12,HarperTeen,ebook,320,2018,2018,,2020/01/02,,,read,,,,1,,,0,,,,,
13423340,Twivortiare,Ika Natassa,"Natassa, Ika",,"=""""","=""""",3,3.85,Nulisbuku.com,Paperback,283,2012,2011,,2019/12/25,,,read,,,,1,,,0,,,,,
29550728,Cleverlands: The secrets behind the success of the world's education superpowers,Lucy Crehan,"Crehan, Lucy",Μαρία Παπαηλιάδη,"=""1783522631""","=""9781783522637""",0,4.36,Unbound Digital,ebook,,2016,2016,,2019/12/25,to-read,to-read (#49),to-read,,,,0,,,0,,,,,
3573143,divortiare,Ika Natassa,"Natassa, Ika",,"=""0040108016""","=""9789792238464""",4,3.75,Gramedia Pustaka Utama,Paperback,288,2008,2008,,2019/12/22,,,read,,,,1,,,0,,,,,
24358259,Finding Audrey,Sophie Kinsella,"Kinsella, Sophie",,"=""""","=""""",4,3.76,Delacorte Press,Kindle Edition,288,2015,2015,2019/10/19,2019/10/19,,,read,,,,1,,,0,,,,,
42731452,Hope and Other Punchlines,Julie Buxbaum,"Buxbaum, Julie",,"=""""","=""""",4,3.92,Delacorte Press,Kindle Edition,311,2019,2019,2019/10/05,2019/09/29,,,read,,,,1,,,0,,,,,
40065177,Tell Me Three Things,Julie Buxbaum,"Buxbaum, Julie",,"=""""","=""""",4,4.06,Delacorte Press,Kindle Edition,332,2016,2016,2019/09/28,2019/09/26,,,read,,,,1,,,0,,,,,
15745753,Eleanor & Park,Rainbow Rowell,"Rowell, Rainbow",,"=""1250012570""","=""9781250012579""",0,3.98,St. Martin's Press,Hardcover,328,2013,2012,,2019/09/21,to-read,to-read (#48),to-read,,,,0,,,0,,,,,
38943218,A Very Large Expanse of Sea,Tahereh Mafi,"Mafi, Tahereh",,"=""""","=""""",4,4.15,HarperCollins,Kindle Edition,307,2018,2018,2019/09/16,2019/09/16,,,read,,,,1,,,0,,,,,
43722897,The Art of Statistics: How to Learn from Data,David Spiegelhalter,"Spiegelhalter, David",,"=""1541618513""","=""9781541618510""",0,4.18,Basic Books,Hardcover,448,2019,2019,,2019/09/16,to-read,to-read (#47),to-read,,,,0,,,0,,,,,
41941223,Recursion,Blake Crouch,"Crouch, Blake",,"=""""","=""""",4,4.15,Crown,Kindle Edition,324,2019,2019,2019/09/04,2019/08/15,,,read,,,,1,,,0,,,,,
45697427,Dark Matter,Blake Crouch,"Crouch, Blake",,"=""""","=""""",4,4.12,Ballantine Books,Kindle Edition,343,2016,2016,2019/08/22,2019/08/18,,,read,,,,1,,,0,,,,,
42734244,No Hard Feelings: The Secret Power of Embracing Emotions at Work,Liz Fosslien,"Fosslien, Liz",Mollie West Duffy,"=""""","=""""",4,4.06,Portfolio,Kindle Edition,304,2019,2019,2019/08/18,2019/07/17,,,read,,,,1,,,0,,,,,
35755160,How Science Works: The Facts Visually Explained,D.K. Publishing,"Publishing, D.K.",,"=""1465464190""","=""9781465464194""",0,4.48,DK Publishing (Dorling Kindersley),Hardcover,256,2018,2018,,2019/08/17,to-read,to-read (#46),to-read,,,,0,,,0,,,,,
41088582,After the Flood,Kassandra Montag,"Montag, Kassandra",,"=""0062889397""","=""9780062889393""",0,3.70,William Morrow,ebook,448,2019,2019,,2019/08/15,to-read,to-read (#45),to-read,,,,0,,,0,,,,,
43263225,Supernova Era,Liu Cixin,"Cixin, Liu",Joel Martinsen,"=""1250306035""","=""9781250306036""",0,3.27,Tor Books,Hardcover,352,2019,2003,,2019/08/15,to-read,to-read (#44),to-read,,,,0,,,0,,,,,
20424928,"Apex (Nexus, #3)",Ramez Naam,"Naam, Ramez",,"=""0857664018""","=""9780857664013""",0,4.17,Angry Robot,Paperback,608,2015,2015,,2019/08/15,to-read,to-read (#43),to-read,,,,0,,,0,,,,,
24968626,"Crux (Nexus, #2)",Ramez Naam,"Naam, Ramez",,"=""""","=""""",0,4.13,,Kindle Edition,624,2015,2013,,2019/08/15,to-read,to-read (#42),to-read,,,,0,,,0,,,,,
18666062,"Nexus (Nexus, #1)",Ramez Naam,"Naam, Ramez",,"=""0857665502""","=""9780857665508""",0,4.05,Angry Robot,Mass Market Paperback,528,2015,2012,,2019/08/15,to-read,to-read (#41),to-read,,,,0,,,0,,,,,
25372801,"All the Birds in the Sky (All the Birds in the Sky, #1)",Charlie Jane Anders,"Anders, Charlie Jane",,"=""0765379945""","=""9780765379948""",0,3.59,Tor Books,Hardcover,313,2016,2016,,2019/08/15,to-read,to-read (#40),to-read,,,,0,,,0,,,,,
34890015,Factfulness: Ten Reasons We're Wrong About the World – and Why Things Are Better Than You Think,Hans Rosling,"Rosling, Hans","Ola Rosling, Anna Rosling Rönnlund","=""1473637465""","=""9781473637467""",0,4.36,Sceptre,Hardcover,342,2018,2018,,2019/08/15,to-read,to-read (#39),to-read,,,,0,,,0,,,,,
816,Cryptonomicon,Neal Stephenson,"Stephenson, Neal",,"=""""","=""""",0,4.24,Avon,Mass Market Paperback,1152,2002,1999,,2019/08/12,to-read,to-read (#38),to-read,,,,0,,,0,,,,,
40363555,"Rise of the Rocket Girls: The Women Who Propelled Us, from Missiles to the Moon to Mars",Nathalia Holt,"Holt, Nathalia",,"=""""","=""""",0,3.88,"Little, Brown and Company",Kindle Edition,326,2016,2016,,2019/07/30,to-read,to-read (#37),to-read,,,,0,,,0,,,,,
16043549,Seeing What Others Don't: The Remarkable Ways We Gain Insights,Gary Klein,"Klein, Gary",,"=""1610392515""","=""9781610392518""",0,3.63,PublicAffairs,Hardcover,304,2013,2013,,2019/07/28,to-read,to-read (#36),to-read,,,,0,,,0,,,,,
40079905,"The Life Below (The Final Six, #2)",Alexandra Monir,"Monir, Alexandra",,"=""""","=""""",0,3.80,HarperTeen,Hardcover,320,2020,2020,,2019/07/27,to-read,to-read (#35),to-read,,,,0,,,0,,,,,
30628062,Radio Silence,Alice Oseman,"Oseman, Alice",,"=""""","=""""",3,4.18,HarperTeen,Kindle Edition,496,2017,2016,2019/07/07,2019/07/07,,,read,,,,1,,,0,,,,,
13588356,"Daring Greatly: How the Courage to Be Vulnerable Transforms the Way We Live, Love, Parent, and Lead",Brené Brown,"Brown, Brené",,"=""1592407331""","=""9781592407330""",0,4.27,Avery,Hardcover,287,2012,2012,,2019/07/01,to-read,to-read (#34),to-read,,,,0,,,0,,,,,
46025082,"The Last Olympian (Percy Jackson and the Olympians, #5)",Rick Riordan,"Riordan, Rick",,"=""""","=""""",5,4.52,Disney Hyperion,Kindle Edition,400,2009,2009,2019/06/18,2019/06/11,,,read,,,,1,,,0,,,,,
46025071,"The Battle of the Labyrinth (Percy Jackson and the Olympians, #4)",Rick Riordan,"Riordan, Rick",,"=""""","=""""",5,4.41,Disney Hyperion,Kindle Edition,368,2009,2008,2019/06/11,2019/06/09,,,read,,,,1,,,0,,,,,
46025057,"The Titan's Curse (Percy Jackson and the Olympians, #3)",Rick Riordan,"Riordan, Rick",,"=""""","=""""",5,4.36,Disney Hyperion ,Kindle Edition,322,2009,2007,2019/06/09,2019/06/09,,,read,,,,1,,,0,,,,,
25201920,"The Long Way to a Small, Angry Planet (Wayfarers, #1)",Becky Chambers,"Chambers, Becky",,"=""""","=""""",3,4.16,Hodder & Stoughton,Kindle Edition,519,2015,2014,2019/06/06,2019/06/06,,,read,,,,1,,,0,,,,,
39353738,"Skyward (Skyward, #1)",Brandon Sanderson,"Sanderson, Brandon",,"=""""","=""""",5,4.50,Delacorte Press,Kindle Edition,546,2018,2018,2019/05/31,2019/05/31,,,read,,,,1,,,0,,,,,
56829,Hackers: Heroes of the Computer Revolution,Steven Levy,"Levy, Steven",,"=""0141000511""","=""9780141000510""",0,4.15,Penguin Books,Paperback,464,2001,1984,,2019/05/12,to-read,to-read (#33),to-read,,,,0,,,0,,,,,
39863447,"Loonshots: How to Nurture the Crazy Ideas That Win Wars, Cure Diseases, and Transform Industries",Safi Bahcall,"Bahcall, Safi",,"=""1250185963""","=""9781250185969""",0,4.02,St. Martin's Press,Hardcover,368,2019,2019,,2019/05/06,to-read,to-read (#32),to-read,,,,0,,,0,,,,,
23399024,I Know How She Does It: How Successful Women Make the Most of Their Time,Laura Vanderkam,"Vanderkam, Laura",,"=""159184732X""","=""9781591847328""",0,3.72,Portfolio,Hardcover,304,2015,2015,,2019/05/04,to-read,to-read (#31),to-read,,,,0,,,0,,,,,
41735536,The Customer Centricity Playbook: Implement a Winning Strategy Driven by Customer Lifetime Value,Peter S. Fader,"Fader, Peter S.",Sarah E. Toms,"=""""","=""""",0,3.83,Wharton Digital Press,Kindle Edition,136,2018,,,2019/05/03,to-read,to-read (#30),to-read,,,,0,,,0,,,,,
15890207,The Accidental Analyst: Show Your Data Who's Boss,Eileen McDaniel,"McDaniel, Eileen",Stephen McDaniel,"=""1477432264""","=""9781477432266""",0,3.64,Createspace Independent Publishing Platform,Paperback,302,2012,2012,,2019/05/03,to-read,to-read (#29),to-read,,,,0,,,0,,,,,
34213247,Numsense! Data Science for the Layman: No Math Added,Annalyn Ng,"Ng, Annalyn",Kenneth Soo,"=""""","=""""",0,4.13,,Kindle Edition,147,2017,,,2019/05/03,to-read,to-read (#28),to-read,,,,0,,,0,,,,,
21480734,Dataclysm: Who We Are (When We Think No One's Looking),Christian Rudder,"Rudder, Christian",,"=""0385347375""","=""9780385347372""",0,3.74,Crown,Hardcover,304,2014,2014,,2019/05/03,to-read,to-read (#27),to-read,,,,0,,,0,,,,,
15824361,Keeping Up with the Quants: Your Guide to Understanding and Using Analytics,Thomas H. Davenport,"Davenport, Thomas H.",Jinho Kim,"=""142218725X""","=""9781422187258""",0,3.57,Harvard Business Review Press,Hardcover,229,2013,2013,,2019/05/03,to-read,to-read (#26),to-read,,,,0,,,0,,,,,
976,Deception Point,Dan Brown,"Brown, Dan",,"=""0671027387""","=""9780671027384""",5,3.74,Pocket Books,Mass Market Paperback,556,2002,2001,,2015/01/02,,,read,,,,1,,,0,,,,,
39294666,"Bloody Brilliant Women: The Pioneers, Revolutionaries and Geniuses Your History Teacher Forgot to Mention",Cathy Newman,"Newman, Cathy",,"=""0008241716""","=""9780008241711""",0,3.83,William Collins,Hardcover,384,2018,,,2019/04/25,to-read,to-read (#25),to-read,,,,0,,,0,,,,,
36491465,"The Final Six (The Final Six, #1)",Alexandra Monir,"Monir, Alexandra",,"=""0062658948""","=""9780062658944""",5,3.84,HarperTeen,Hardcover,338,2018,2018,2019/04/18,2018/04/29,,,read,,,,1,,,0,,,,,
4865,How to Win Friends and Influence People,Dale Carnegie,"Carnegie, Dale",,"=""""","=""""",0,4.21,Gallery Books,Paperback,288,1998,1936,,2019/04/18,currently-reading,currently-reading (#4),currently-reading,,,,1,,,0,,,,,
42776244,The Making of a Manager: What to Do When Everyone Looks to You,Julie Zhuo,"Zhuo, Julie",,"=""""","=""""",5,4.24,Portfolio,Kindle Edition,288,2019,2019,2019/04/16,2019/04/16,,,read,,,,1,,,0,,,,,
38745806,Becoming,Michelle Obama,"Obama, Michelle",,"=""""","=""""",5,4.50,Crown,Kindle Edition,428,2018,2018,2019/04/04,2019/04/04,,,read,,,,1,,,0,,,,,
44156290,Orang-orang Biasa,Andrea Hirata,"Hirata, Andrea",,"=""""","=""9786022915249""",3,4.23,Bentang Pustaka,Paperback,312,2019,2019,,2019/04/01,,,read,,,,1,,,0,,,,,
2429135,"The Girl with the Dragon Tattoo (Millennium, #1)",Stieg Larsson,"Larsson, Stieg",Reg Keeland,"=""""","=""""",0,4.15,Knopf,Hardcover,480,2008,2005,,2019/03/25,to-read,to-read (#24),to-read,,,,0,,,0,,,,,
39380381,Say What You Mean: A Mindful Approach to Nonviolent Communication,Oren Jay Sofer,"Sofer, Oren Jay",,"=""161180583X""","=""9781611805833""",0,4.21,Shambhala,Paperback,272,2018,2018,,2019/03/14,to-read,to-read (#23),to-read,,,,0,,,0,,,,,
18693669,The Organized Mind: Thinking Straight in the Age of Information Overload,Daniel J. Levitin,"Levitin, Daniel J.",,"=""052595418X""","=""9780525954187""",0,3.67,Dutton,Hardcover,528,2014,2014,,2019/03/14,to-read,to-read (#22),to-read,,,,0,,,0,,,,,
12000020,"Aristotle and Dante Discover the Secrets of the Universe (Aristotle and Dante, #1)",Benjamin Alire Sáenz,"Sáenz, Benjamin Alire",,"=""1442408928""","=""9781442408920""",0,4.35,Simon & Schuster Books for Young Readers,Hardcover,359,2012,2012,,2019/02/28,to-read,to-read (#21),to-read,,,,0,,,0,,,,,
30317414,Awkward: The Science of Why We're Socially Awkward and Why That's Awesome,Ty Tashiro,"Tashiro, Ty",,"=""0062429175""","=""9780062429179""",0,3.55,William Morrow,ebook,288,2017,2017,,2019/02/26,to-read,to-read (#20),to-read,,,,0,,,0,,,,,
34928122,Artemis,Andy Weir,"Weir, Andy",,"=""0553448129""","=""9780553448122""",4,3.68,Crown,Hardcover,305,2017,2017,2019/02/25,2018/04/29,,,read,,,,1,,,0,,,,,
16158512,"Emotional First Aid: Practical Strategies for Treating Failure, Rejection, Guilt, and Other Everyday Psychological Injuries",Guy Winch,"Winch, Guy",,"=""1594631204""","=""9781594631207""",0,3.85,Avery,Hardcover,304,2013,2013,,2019/02/17,to-read,to-read (#19),to-read,,,,0,,,0,,,,,
42271299,"The Fork, the Witch, and the Worm: Eragon (Tales from Alagaësia, #1)",Christopher Paolini,"Paolini, Christopher",,"=""""","=""""",3,3.81,Knopf Books for Young Readers,Kindle Edition,288,2018,2018,,2019/02/09,,,read,,,,1,,,0,,,,,
36382991,"The 1,000 Year Old Boy",Ross Welford,"Welford, Ross",,"=""""","=""""",4,4.23,HarperCollinsChildren’sBooks,Kindle Edition,400,2018,2018,,2019/02/09,,,read,,,,1,,,0,,,,,
25733983,Lab Girl,Hope Jahren,"Jahren, Hope",,"=""1101874937""","=""9781101874936""",0,3.97,Knopf,Hardcover,290,2016,2016,,2018/12/24,to-read,to-read (#18),to-read,,,,0,,,0,,,,,
35412097,When: The Scientific Secrets of Perfect Timing,Daniel H. Pink,"Pink, Daniel H.",,"=""0735210624""","=""9780735210622""",4,3.78,Riverhead Books,Hardcover,272,2018,2018,,2018/09/18,,,read,,,,1,,,0,,,,,
18170549,The Opposite of Loneliness: Essays and Stories,Marina Keegan,"Keegan, Marina",,"=""1476753628""","=""9781476753621""",0,3.84,Scribner,ebook,241,2014,2014,,2018/06/29,to-read,to-read (#17),to-read,,,,0,,,0,,,,,
28820444,The Elephant in the Brain: Hidden Motives in Everyday Life,Kevin Simler,"Simler, Kevin",Robin Hanson,"=""""","=""9780190496012""",0,4.03,Oxford University Press,ebook,408,2017,2017,,2018/06/29,to-read,to-read (#16),to-read,,,,0,,,0,,,,,
34838652,Konspirasi Alam Semesta,Fiersa Besari,"Besari, Fiersa",,"=""9797945359""","=""9789797945350""",3,4.35,MediaKita,Paperback,244,2017,2015,2018/06/13,2018/06/12,,,read,,,,1,,,0,,,,,
11468377,"Thinking, Fast and Slow",Daniel Kahneman,"Kahneman, Daniel",,"=""0374275637""","=""9780374275631""",0,4.17,"Farrar, Straus and Giroux",Hardcover,499,2011,2011,,2018/06/12,currently-reading,currently-reading (#3),currently-reading,,,,1,,,0,,,,,
39643727,Pergi,Tere Liye,"Liye, Tere",,"=""""","=""9786025734052""",3,4.37,Republika,Paperback,460,2018,2018,,2018/06/12,,,read,,,,1,,,0,,,,,
17986418,Naked Statistics: Stripping the Dread from the Data,Charles Wheelan,"Wheelan, Charles",,"=""039334777X""","=""9780393347777""",0,3.95,W. W. Norton  Company,Paperback,304,2014,2012,,2018/04/24,currently-reading,currently-reading (#2),currently-reading,,,,1,,,0,,,,,
31409135,The Radium Girls: The Dark Story of America's Shining Women,Kate  Moore,"Moore, Kate",,"=""149264935X""","=""9781492649359""",0,4.14,Sourcebooks,Hardcover,479,2017,2017,,2018/05/18,to-read,to-read (#15),to-read,,,,0,,,0,,,,,
35133922,Educated,Tara Westover,"Westover, Tara",,"=""""","=""""",0,4.47,Random House,Hardcover,334,2018,2018,,2018/05/18,to-read,to-read (#14),to-read,,,,0,,,0,,,,,
25614523,Originals: How Non-Conformists Move the World,Adam M. Grant,"Grant, Adam M.",,"=""0525429565""","=""9780525429562""",0,3.95,Viking,Hardcover,326,2016,2016,,2018/05/17,to-read,to-read (#13),to-read,,,,0,,,0,,,,,
31706504,Barking Up the Wrong Tree: The Surprising Science Behind Why Everything You Know About Success Is (Mostly) Wrong,Eric Barker,"Barker, Eric",,"=""0062416170""","=""9780062416179""",0,4.11,HarperOne,ebook,224,2017,2017,,2018/05/17,to-read,to-read (#12),to-read,,,,0,,,0,,,,,
16033602,Lean Analytics: Use Data to Build a Better Startup Faster,Alistair Croll,"Croll, Alistair",Benjamin Yoskovitz,"=""1449335675""","=""9781449335670""",0,4.09,O'Reilly Media,Hardcover,440,2013,2013,,2018/05/04,to-read,to-read (#11),to-read,,,,0,,,0,,,,,
22889767,Better Than Before: Mastering the Habits of Our Everyday Lives,Gretchen Rubin,"Rubin, Gretchen",,"=""0385348614""","=""9780385348614""",4,3.82,Crown,Hardcover,298,2015,2015,2018/05/01,2018/04/24,,,read,,,,1,,,0,,,,,
25744928,Deep Work: Rules for Focused Success in a Distracted World,Cal Newport,"Newport, Cal",,"=""1455586692""","=""9781455586691""",0,4.19,Grand Central Publishing,Hardcover,296,2016,2016,,2018/04/26,to-read,to-read (#10),to-read,,,,0,,,0,,,,,
30231806,"Goodbye, Things: The New Japanese Minimalism",Fumio Sasaki,"Sasaki, Fumio",Eriko Sugita,"=""0393609030""","=""9780393609035""",0,3.80,W. W. Norton & Company,Hardcover,259,2017,2015,,2018/04/26,to-read,to-read (#9),to-read,,,,0,,,0,,,,,
1353409,Cantik itu Luka,Eka Kurniawan,"Kurniawan, Eka",,"=""""","=""""",0,4.04,AKYPress ,Paperback,537,2002,2002,,2018/04/26,to-read,to-read (#8),to-read,,,,0,,,0,,,,,
23288914,Rindu,Tere Liye,"Liye, Tere",,"=""""","=""9786028997904""",3,4.24,Penerbit Republika,Paperback,544,2014,2014,2018/04/25,2015/01/31,,,read,,,,1,,,0,,,,,
37830526,Aroma Karsa,Dee Lestari,"Lestari, Dee",,"=""""","=""9786022914631""",3,4.51,Bentang Pustaka,Paperback,724,2018,2018,,2018/04/25,,,read,,,,1,,,0,,,,,
36013261,Sirkus Pohon,Andrea Hirata,"Hirata, Andrea",,"=""""","=""9786022914099""",3,4.13,Bentang Pustaka,Paperback,424,2017,2017,,2018/04/25,,,read,,,,2,,,0,,,,,
30199656,What to Say Next,Julie Buxbaum,"Buxbaum, Julie",,"=""0553535684""","=""9780553535686""",4,4.01,Delacorte Press,Hardcover,320,2017,2017,,2018/04/24,,,read,,,,2,,,0,,,,,
25899336,When Breath Becomes Air,Paul Kalanithi,"Kalanithi, Paul",,"=""""","=""""",4,4.38,Random House,Paperback,208,2016,2016,,2018/04/24,,,read,,,,1,,,0,,,,,
6398634,"The Happiness Project: Or Why I Spent a Year Trying to Sing in the Morning, Clean My Closets, Fight Right, Read Aristotle, and Generally Have More Fun",Gretchen Rubin,"Rubin, Gretchen",,"=""0061583251""","=""9780061583254""",0,3.63,Harper,Hardcover,301,2009,2009,,2015/01/02,currently-reading,currently-reading (#1),currently-reading,,,,1,,,0,,,,,
21489238,Girls & Tech,Ollie,"Ollie, Ollie",,"=""""","=""9786027975644""",0,3.50,Bentang Belia - Bentang Pustaka,Paperback,194,2013,2013,,2015/01/04,to-read,to-read (#6),to-read,,,,0,,,0,,,,,
23351540,Revolusi dari Secangkir Kopi,Didik Fotunadi,"Fotunadi, Didik",,"=""""","=""9789794338520""",4,3.68,Mizan Kronik,Paperback,428,2014,2014,,2015/01/14,,,read,,,,1,,,0,,,,,
22609800,"First Frost (Waverley Family, #2)",Sarah Addison Allen,"Allen, Sarah Addison",,"=""1250019842""","=""9781250019844""",0,3.97,St. Martin's Press,ebook,304,2015,2015,,2015/01/10,to-read,to-read (#7),to-read,,,,0,,,0,,,,,
23252584,Gelombang,Dee Lestari,"Lestari, Dee",,"=""""","=""9786022910572""",3,4.11,Bentang Pustaka,Paperback,492,2014,2014,,2015/01/02,,,read,,,,1,,,0,,,,,
13582635,Partikel,Dee Lestari,"Lestari, Dee",,"=""""","=""9786028811743""",4,4.17,Bentang Pustaka,Paperback,508,2012,2012,,2015/01/02,,,read,,,,1,,,0,,,,,
1421046,Supernova: Petir,Dee Lestari,"Lestari, Dee",,"=""9799822939""","=""""",4,3.94,AKOER - Andal Krida Nusantara,Paperback,201,2004,2004,,2015/01/02,,,read,,,,1,,,0,,,,,
1300350,Supernova: Akar,Dee Lestari,"Lestari, Dee",,"=""9799625726""","=""9789799625724""",3,3.85,Truedee Books,Paperback,202,2002,2002,,2015/01/02,,,read,,,,1,,,0,,,,,
16051011,"Hidup Ini Keras, Maka Gebuklah!",Prie GS,"GS, Prie",,"=""979065149X""","=""""",0,4.25,Visi Media Pustaka,Hardcover,574,2012,2012,,2015/01/02,to-read,to-read (#5),to-read,,,,0,,,0,,,,,
3592786,Ipung,Prie GS,"GS, Prie",,"=""""","=""9789791102193""",4,3.84,Republika,Paperback,196,2008,2008,,2015/01/02,,,read,,,,1,,,0,,,,,
11971554,Ipung 2,Prie GS,"GS, Prie",,"=""""","=""9789791102384""",5,4.09,Republika,Paperback,130,2008,2008,,2015/01/02,,,read,,,,1,,,0,,,,,
18214414,"The Silkworm (Cormoran Strike, #2)",Robert Galbraith,"Galbraith, Robert",,"=""0316206873""","=""9780316206877""",4,4.04,Mulholland Books,Hardcover,456,2014,2014,,2015/01/02,,,read,,,,1,,,0,,,,,
16160797,"The Cuckoo's Calling (Cormoran Strike, #1)",Robert Galbraith,"Galbraith, Robert",,"=""0316206849""","=""9780316206846""",4,3.87,Mulholland Books,Hardcover,456,2013,2013,,2015/01/02,,,read,,,,1,,,0,,,,,
7861169,Bumi Cinta,Habiburrahman El-Shirazy,"El-Shirazy, Habiburrahman",,"=""""","=""9789793604350""",4,4.04,Basmala,Paperback,546,2010,2010,,2015/01/02,,,read,,,,1,,,0,,,,,
9823976,Habibie & Ainun,Bacharuddin Jusuf Habibie,"Habibie, Bacharuddin Jusuf",,"=""""","=""9789791255134""",4,4.22,THC Mandiri,Paperback,323,2010,2010,,2015/01/02,,,read,,,,1,,,0,,,,,
8460546,Cinta di Dalam Gelas,Andrea Hirata,"Hirata, Andrea",,"=""""","=""""",4,3.99,Bentang Pustaka,Paperback,270,2010,2010,,2015/01/02,,,read,,,,1,,,0,,,,,
7948706,Muhammad: Lelaki Penggenggam Hujan,Tasaro G.K.,"G.K., Tasaro",,"=""""","=""9789791227797""",4,4.38,Bentang Pustaka,Paperback,546,2010,2010,,2015/01/02,,,read,,,,1,,,0,,,,,
10135719,Ranah 3 Warna,Ahmad Fuadi,"Fuadi, Ahmad",,"=""""","=""9789792263251""",5,4.15,Gramedia Pustaka Utama,Paperback,473,2011,2011,,2015/01/02,,,read,,,,1,,,0,,,,,
3971237,Bidadari Bidadari Surga,Tere Liye,"Liye, Tere",,"=""""","=""9789791102261""",5,4.31,Republika,Paperback,365,2008,2008,,2015/01/02,,,read,,,,1,,,0,,,,,
16164417,Perjalanan Rasa,Fahd Pahdepie,"Pahdepie, Fahd",,"=""""","=""7986029934946""",5,3.97,Kurniaesa Publishing,Paperback,204,2012,2012,,2015/01/02,,,read,,,,1,,,0,,,,,
7886626,De Liefde (Memoar Sekar Pembayun),Afifah Afra,"Afra, Afifah",,"=""6028277169""","=""""",4,3.95,Afra Publishing (Indiva Media Kreasi),Paperback,454,2010,2010,,2015/01/02,,,read,,,,1,,,0,,,,,
18634848,"Assalamualaikum, Beijing!",Asma Nadia,"Nadia, Asma",,"=""""","=""9786021606155""",0,3.96,Noura Books,Paperback,356,2013,2013,,2015/01/02,to-read,to-read (#4),to-read,,,,0,,,0,,,,,
1499340,5 cm,Donny Dhirgantoro,"Dhirgantoro, Donny",,"=""9797591514""","=""9789797591519""",4,3.87,Grasindo,Paperback,381,2005,2005,,2015/01/02,,,read,,,,1,,,0,,,,,
1464757,Edensor,Andrea Hirata,"Hirata, Andrea",,"=""9791227020""","=""9789791227025""",4,4.11,Bentang Pustaka,Paperback,288,2007,2007,,2015/01/02,,,read,,,,1,,,0,,,,,
6688121,Negeri 5 Menara,Ahmad Fuadi,"Fuadi, Ahmad",,"=""""","=""9789792248616""",4,4.12,Gramedia Pustaka Utama,Paperback,432,2009,2009,,2015/01/02,,,read,,,,1,,,0,,,,,
6379405,Negeri van Oranje,Wahyuningrat,"Wahyuningrat, Wahyuningrat","Adept Widiarsa, Nisa Riyadi, Rizki Pandu Permana","=""""","=""9789791227582""",5,3.86,Bentang Pustaka,Paperback,478,2009,2009,,2015/01/02,,,read,,,,1,,,0,,,,,
6765740,Perahu Kertas,Dee Lestari,"Lestari, Dee",,"=""""","=""9789791227780""",4,3.97,Bentang Pustaka & Truedee,Paperback,456,2009,2004,,2015/01/02,,,read,,,,1,,,0,,,,,
20645824,Bintang Mika,Jacq,"Jacq, Jacq",,"=""""","=""9786020231105""",4,3.94,Elex Media Komputindo,Paperback,228,2014,2014,,2015/01/02,,,read,,,,1,,,0,,,,,
15881,"Harry Potter and the Chamber of Secrets (Harry Potter, #2)",J.K. Rowling,"Rowling, J.K.",Mary GrandPré,"=""""","=""""",4,4.43,Arthur A. Levine Books,Hardcover,341,1999,1998,,2015/01/02,,,read,,,,1,,,0,,,,,
1,"Harry Potter and the Half-Blood Prince (Harry Potter, #6)",J.K. Rowling,"Rowling, J.K.",,"=""""","=""""",4,4.57,Scholastic Inc.,Paperback,652,2006,2005,,2015/01/02,,,read,,,,1,,,0,,,,,
28186,"The Sea of Monsters (Percy Jackson and the Olympians, #2)",Rick Riordan,"Riordan, Rick",,"=""0786856866""","=""9780786856862""",4,4.24,Hyperion Books,Hardcover,279,2006,2006,,2015/01/02,,,read,,,,1,,,0,,,,,
6,"Harry Potter and the Goblet of Fire (Harry Potter, #4)",J.K. Rowling,"Rowling, J.K.",Mary GrandPré,"=""""","=""""",4,4.57,Scholastic,Paperback,734,2002,2000,,2015/01/02,,,read,,,,1,,,0,,,,,
2,"Harry Potter and the Order of the Phoenix (Harry Potter, #5)",J.K. Rowling,"Rowling, J.K.",Mary GrandPré,"=""""","=""""",4,4.50,Scholastic Inc.,Paperback,870,2004,2003,,2015/01/02,,,read,,,,1,,,0,,,,,
5,"Harry Potter and the Prisoner of Azkaban (Harry Potter, #3)",J.K. Rowling,"Rowling, J.K.",Mary GrandPré,"=""043965548X""","=""9780439655484""",4,4.58,Scholastic Inc.,Mass Market Paperback,435,2004,1999,,2015/01/02,,,read,,,,1,,,0,,,,,
121749,"Prince Caspian (Chronicles of Narnia, #2)",C.S. Lewis,"Lewis, C.S.",,"=""000720230X""","=""9780007202300""",4,3.98,HarperCollins Publishers,Hardcover,240,2005,1951,,2015/01/02,,,read,,,,1,,,0,,,,,
136251,"Harry Potter and the Deathly Hallows (Harry Potter, #7)",J.K. Rowling,"Rowling, J.K.",,"=""""","=""""",5,4.62,Arthur A. Levine Books,Hardcover,759,2007,2007,,2015/01/02,,,read,,,,1,,,0,,,,,
6411961,"The Lost Symbol (Robert Langdon, #3)",Dan Brown,"Brown, Dan",,"=""0385504225""","=""9780385504225""",4,3.73,Doubleday,Hardcover,509,2009,2009,,2015/01/02,,,read,,,,1,,,0,,,,,
968,"The Da Vinci Code (Robert Langdon, #2)",Dan Brown,"Brown, Dan",,"=""""","=""""",4,3.89,Anchor,Paperback,489,2006,2003,,2015/01/02,,,read,,,,1,,,0,,,,,
17212231,"Inferno (Robert Langdon, #4)",Dan Brown,"Brown, Dan",,"=""0385537859""","=""9780385537858""",4,3.87,Doubleday,Hardcover,463,2013,2013,,2015/01/02,,,read,,,,1,,,0,,,,,
801178,Chicken Soup for the Soul,Jack Canfield,"Canfield, Jack",Mark Victor Hansen,"=""1558749209""","=""9781558749207""",3,3.95,HCI,Paperback,428,2001,1993,,2015/01/02,,,read,,,,1,,,0,,,,,
865,The Alchemist,Paulo Coelho,"Coelho, Paulo",Alan R. Clarke,"=""0061122416""","=""9780061122415""",0,3.90,HarperCollins,Paperback,197,1993,1988,,2015/01/02,to-read,to-read (#3),to-read,,,,0,,,0,,,,,
1274,"Men Are from Mars, Women Are from Venus",John  Gray,"Gray, John",,"=""0060574216""","=""9780060574215""",0,3.58,Harper Paperbacks,Paperback,368,2012,1992,,2015/01/02,to-read,to-read (#2),to-read,,,,0,,,0,,,,,
8520610,Quiet: The Power of Introverts in a World That Can't Stop Talking,Susan Cain,"Cain, Susan",,"=""0307352145""","=""9780307352149""",0,4.07,"Crown Publishing Group/Random House, Inc.",Hardcover,333,2012,2012,,2015/01/02,to-read,to-read (#1),to-read,,,,0,,,0,,,,,
11125,Digital Fortress,Dan Brown,"Brown, Dan",,"=""""","=""""",4,3.68,Corgi books,Paperback,510,2004,1998,,2015/01/02,,,read,,,,1,,,0,,,,,
128029,A Thousand Splendid Suns,Khaled Hosseini,"Hosseini, Khaled",,"=""1594489505""","=""9781594489501""",3,4.40,Riverhead Books,Hardcover,372,2007,2007,,2015/01/02,,,read,,,,1,,,0,,,,,
960,"Angels & Demons (Robert Langdon, #1)",Dan Brown,"Brown, Dan",,"=""1416524797""","=""9781416524793""",4,3.92,Pocket Books,Mass Market Paperback,736,2006,2000,,2015/01/02,,,read,,,,1,,,0,,,,,
13335037,"Divergent (Divergent, #1)",Veronica Roth,"Roth, Veronica",,"=""0062024035""","=""9780062024039""",3,4.16,Katherine Tegen Books,Paperback,487,2012,2011,,2015/01/02,,,read,,,,1,,,0,,,,,
100915,"The Lion, the Witch and the Wardrobe (Chronicles of Narnia, #1)",C.S. Lewis,"Lewis, C.S.",,"=""""","=""""",4,4.23,HarperCollins Publishers,Paperback,206,2005,1950,,2015/01/02,,,read,,,,1,,,0,,,,,
2767052,"The Hunger Games (The Hunger Games, #1)",Suzanne Collins,"Collins, Suzanne",,"=""0439023483""","=""9780439023481""",3,4.32,Scholastic Press,Hardcover,374,2008,2008,,2015/01/02,,,read,,,,1,,,0,,,,,
41865,"Twilight (The Twilight Saga, #1)",Stephenie Meyer,"Meyer, Stephenie",,"=""0316015849""","=""9780316015844""",3,3.63,"Little, Brown and Company",Paperback,498,2006,2005,,2015/01/02,,,read,,,,1,,,0,,,,,
28187,"The Lightning Thief (Percy Jackson and the Olympians, #1)",Rick Riordan,"Riordan, Rick",,"=""""","=""""",4,4.28,Disney Hyperion Books,Paperback,377,2006,2005,,2015/01/02,,,read,,,,1,,,0,,,,,
113436,"Eragon (The Inheritance Cycle, #1)",Christopher Paolini,"Paolini, Christopher",,"=""0375826696""","=""9780375826696""",4,3.92,Alfred A. Knopf,Paperback,503,2005,2002,,2015/01/02,,,read,,,,1,,,0,,,,,
15241,"The Two Towers (The Lord of the Rings, #2)",J.R.R. Tolkien,"Tolkien, J.R.R.","Peter S. Beagle, Дж.Р.Р. Толкін, Аліна Немірова, П. Риженко","=""0618346260""","=""9780618346264""",3,4.46,Houghton Mifflin,Paperback,322,2003,1954,,2015/01/02,,,read,,,,1,,,0,,,,,
34,"The Fellowship of the Ring (The Lord of the Rings, #1)",J.R.R. Tolkien,"Tolkien, J.R.R.","Maria Skibniewska, Francis Ledoux","=""0618346252""","=""9780618346257""",3,4.38,Houghton Mifflin Harcourt,Paperback,398,2003,1954,,2015/01/02,,,read,,,,1,,,0,,,,,
3,"Harry Potter and the Sorcerer's Stone (Harry Potter, #1)",J.K. Rowling,"Rowling, J.K.",,"=""""","=""""",4,4.48,Scholastic Inc,Hardcover,309,2003,1997,,2015/01/02,,,read,,,,1,,,0,,,,,
